CREATE SCHEMA SIJARTA;

CREATE TABLE SIJARTA.USER ( 
    Id UUID PRIMARY KEY, 
    Nama VARCHAR(255), 
    JenisKelamin CHAR(1),  
    NoHP VARCHAR(20), 
    Pwd VARCHAR(255), 
    TglLahir DATE, 
    Alamat VARCHAR(255), 
    SaldoMyPay DECIMAL(15, 2) 
); 

CREATE TABLE SIJARTA.PELANGGAN ( 
    Id UUID PRIMARY KEY REFERENCES SIJARTA.USER(Id), 
    Level VARCHAR(50) 
); 

CREATE TABLE SIJARTA.PEKERJA ( 
    Id UUID PRIMARY KEY REFERENCES SIJARTA.USER(Id), 
    NamaBank VARCHAR(100), 
    NomorRekening VARCHAR(50), 
    NPWP VARCHAR(20), 
    LinkFoto VARCHAR, 
    Rating FLOAT, 
    JmlPsnananSelesai INT 
); 

CREATE TABLE SIJARTA.METODE_BAYAR ( 
    Id UUID PRIMARY KEY, 
    Nama VARCHAR(100) NOT NULL 
); 

CREATE TABLE SIJARTA.KATEGORI_TR_MYPAY ( 
    Id UUID PRIMARY KEY, 
    Nama VARCHAR(100) 
); 

CREATE TABLE SIJARTA.TR_MYPAY ( 
    Id UUID PRIMARY KEY, 
    UserId UUID REFERENCES SIJARTA.USER(Id), 
    Tgl DATE, 
    Nominal DECIMAL(15, 2), 
    KategoriId UUID REFERENCES SIJARTA.KATEGORI_TR_MYPAY(Id) 
); 

CREATE TABLE SIJARTA.KATEGORI_JASA ( 
    Id UUID PRIMARY KEY, 
    NamaKategori VARCHAR(100) 
); 

CREATE TABLE SIJARTA.PEKERJA_KATEGORI_JASA ( 
    PekerjaId UUID REFERENCES SIJARTA.PEKERJA(Id), 
    KategoriJasaId UUID REFERENCES SIJARTA.KATEGORI_JASA(Id), 
    PRIMARY KEY (PekerjaId, KategoriJasaId) 
); 

CREATE TABLE SIJARTA.SUBKATEGORI_JASA ( 
    Id UUID PRIMARY KEY, 
    NamaSubkategori VARCHAR(100), 
    Deskripsi TEXT, 
    KategoriJasaId UUID REFERENCES SIJARTA.KATEGORI_JASA(Id) 
); 

CREATE TABLE SIJARTA.SESI_LAYANAN ( 
    SubkategoriId UUID REFERENCES SIJARTA.SUBKATEGORI_JASA(Id), 
    Sesi INT, 
    Harga DECIMAL(15, 2), 
    PRIMARY KEY (SubkategoriId, Sesi) 
); 

CREATE TABLE SIJARTA.DISKON ( 
    Kode VARCHAR(50) PRIMARY KEY, 
    Potongan DECIMAL(15, 2) NOT NULL CHECK (Potongan >= 0), 
    MinTrPemesanan INT NOT NULL CHECK (MinTrPemesanan >= 0) 
); 

CREATE TABLE SIJARTA.VOUCHER ( 
    Kode VARCHAR(50) PRIMARY KEY REFERENCES SIJARTA.DISKON(Kode), 
    JmlHariBerlaku INT NOT NULL CHECK (JmlHariBerlaku >= 0), 
    KuotaPenggunaan INT, 
    Harga DECIMAL(15, 2) NOT NULL CHECK (Harga >= 0) 
); 

CREATE TABLE SIJARTA.PROMO ( 
    Kode VARCHAR(50) PRIMARY KEY REFERENCES SIJARTA.DISKON(Kode), 
    TglAkhirBerlaku DATE NOT NULL 
); 

CREATE TABLE SIJARTA.TR_PEMBELIAN_VOUCHER ( 
    Id UUID PRIMARY KEY, 
    TglAwal DATE NOT NULL, 
    TglAkhir DATE NOT NULL, 
    TelahDigunakan INT NOT NULL CHECK (TelahDigunakan >= 0), 
    IdPelanggan UUID REFERENCES SIJARTA.PELANGGAN(Id), 
    IdVoucher VARCHAR(50) REFERENCES SIJARTA.VOUCHER(Kode), 
    IdMetodeBayar UUID REFERENCES SIJARTA.METODE_BAYAR(Id) 
); 

CREATE TABLE SIJARTA.TR_PEMESANAN_JASA (  
    Id UUID PRIMARY KEY,  
    TglPemesanan DATE NOT NULL,  
    TglPekerjaan DATE NOT NULL,  
    WaktuPekerjaan TIMESTAMP NOT NULL,  
    TotalBiaya DECIMAL(15, 2) NOT NULL CHECK (TotalBiaya >= 0),  
    IdPelanggan UUID REFERENCES SIJARTA.PELANGGAN(Id),  
    IdPekerja UUID REFERENCES SIJARTA.PEKERJA(Id),
    IdKategoriJasa UUID NOT NULL,  -- Part of the composite key 
    Sesi INT NOT NULL,  -- Part of the composite key 
    IdDiskon VARCHAR(50) REFERENCES SIJARTA.DISKON(Kode),  
    IdMetodeBayar UUID REFERENCES SIJARTA.METODE_BAYAR(Id), 
    FOREIGN KEY (IdKategoriJasa, Sesi) REFERENCES SIJARTA.SESI_LAYANAN(SubkategoriId, Sesi) 
); 

CREATE TABLE SIJARTA.STATUS_PESANAN ( 
    Id UUID PRIMARY KEY, 
    Status VARCHAR(50) NOT NULL 
); 

CREATE TABLE SIJARTA.TR_PEMESANAN_STATUS (  
    IdTrPemesanan UUID REFERENCES SIJARTA.TR_PEMESANAN_JASA(Id),  
    IdStatus UUID REFERENCES SIJARTA.STATUS_PESANAN(Id),  
    TglWaktu TIMESTAMP NOT NULL,  -- Use TIMESTAMP instead of DATETIME 
    PRIMARY KEY (IdTrPemesanan, IdStatus)  
); 

CREATE TABLE SIJARTA.TESTIMONI ( 
    IdTrPemesanan UUID REFERENCES SIJARTA.TR_PEMESANAN_JASA(Id), 
    Tgl DATE, 
    Teks TEXT, 
    Rating INT NOT NULL DEFAULT 0, 
    PRIMARY KEY (IdTrPemesanan, Tgl) 
);  

INSERT INTO SIJARTA.USER (id, nama, jeniskelamin, nohp, pwd, tgllahir, alamat, saldomypay) VALUES
    ('550e8400-e29b-41d4-a716-446655440000', 'Ahmad Hidayat', 'L', '081234567890', 'password123', '1990-05-14', 'Jl. Sudirman No. 1, Jakarta', 500000.00),
    ('550e8400-e29b-41d4-a716-446655440001', 'Siti Aminah', 'P', '081234567891', 'password456', '1988-07-22', 'Jl. Thamrin No. 10, Jakarta', 750000.00),
    ('550e8400-e29b-41d4-a716-446655440002', 'Budi Santoso', 'L', '081234567892', 'pass789', '1992-03-05', 'Jl. Merdeka No. 5, Jakarta', 1200000.00),
    ('550e8400-e29b-41d4-a716-446655440003', 'Dewi Lestari', 'P', '081234567893', 'dewipass', '1995-08-30', 'Jl. Kuningan No. 2, Jakarta', 300000.00),
    ('550e8400-e29b-41d4-a716-446655440004', 'Andi Wijaya', 'L', '081234567894', 'wijaya789', '1985-11-12', 'Jl. Gatot Subroto No. 7, Jakarta', 1000000.00),
    ('550e8400-e29b-41d4-a716-446655440005', 'Rina Wulandari', 'P', '081234567895', 'rinapass456', '1999-02-21', 'Jl. Cempaka No. 3, Jakarta', 450000.00),
    ('550e8400-e29b-41d4-a716-446655440006', 'Fajar Pratama', 'L', '081234567896', 'fajar123', '1991-12-15', 'Jl. Pancoran No. 9, Jakarta', 600000.00),
    ('550e8400-e29b-41d4-a716-446655440007', 'Siti Nurhaliza', 'P', '081234567897', 'nurhaliza789', '1993-04-18', 'Jl. Kebon Jeruk No. 6, Jakarta', 1500000.00),
    ('550e8400-e29b-41d4-a716-446655440008', 'Dani Saputra', 'L', '081234567898', 'danipass', '1987-06-09', 'Jl. Cikini No. 4, Jakarta', 700000.00),
    ('550e8400-e29b-41d4-a716-446655440009', 'Putri Maharani', 'P', '081234567899', 'putripass123', '1996-10-27', 'Jl. Casablanca No. 8, Jakarta', 850000.00);
    
INSERT INTO SIJARTA.METODE_BAYAR (id, nama) VALUES 
    ('550e8400-e29b-41d4-a716-446655441000', 'MyPay'),
    ('550e8400-e29b-41d4-a716-446655441001', 'GoPay'),
    ('550e8400-e29b-41d4-a716-446655441002', 'OVO'),
    ('550e8400-e29b-41d4-a716-446655441003', 'Dana'),
    ('550e8400-e29b-41d4-a716-446655441004', 'LinkAja'),
    ('550e8400-e29b-41d4-a716-446655441005', 'Kartu Kredit');

INSERT INTO SIJARTA.PELANGGAN (Id, Level) VALUES 
    ('550e8400-e29b-41d4-a716-446655440000', 'Gold'),
    ('550e8400-e29b-41d4-a716-446655440001', 'Silver'),
    ('550e8400-e29b-41d4-a716-446655440002', 'Bronze'),
    ('550e8400-e29b-41d4-a716-446655440003', 'Platinum'),
    ('550e8400-e29b-41d4-a716-446655440004', 'Silver');

INSERT INTO SIJARTA.PEKERJA (Id, NamaBank, NomorRekening, NPWP, LinkFoto, Rating, JmlPsnananSelesai) VALUES 
    ('550e8400-e29b-41d4-a716-446655440005', 'Bank Mandiri', '1234567890', '9876543210', 'https://example.com/photo1.jpg', 4.8, 150),
    ('550e8400-e29b-41d4-a716-446655440006', 'Bank BCA', '0987654321', '8765432109', 'https://example.com/photo2.jpg', 4.6, 120),
    ('550e8400-e29b-41d4-a716-446655440007', 'Bank BRI', '1122334455', '7654321098', 'https://example.com/photo3.jpg', 4.9, 200),
    ('550e8400-e29b-41d4-a716-446655440008', 'Bank BNI', '5566778899', '6543210987', 'https://example.com/photo4.jpg', 4.7, 180),
    ('550e8400-e29b-41d4-a716-446655440009', 'Bank Danamon', '6677889900', '5432109876', 'https://example.com/photo5.jpg', 4.5, 140);

INSERT INTO SIJARTA.KATEGORI_JASA (Id, NamaKategori) VALUES 
    ('650e8400-e29b-41d4-a716-446655441000', 'Home Cleaning'),
    ('650e8400-e29b-41d4-a716-446655441001', 'Deep Cleaning'),
    ('650e8400-e29b-41d4-a716-446655441002', 'Laundry Service'),
    ('650e8400-e29b-41d4-a716-446655441003', 'Carpet Cleaning'),
    ('650e8400-e29b-41d4-a716-446655441004', 'Air Conditioner Cleaning');

INSERT INTO SIJARTA.PEKERJA_KATEGORI_JASA (PekerjaId, KategoriJasaId) VALUES 
    ('550e8400-e29b-41d4-a716-446655440005', '650e8400-e29b-41d4-a716-446655441000'),
    ('550e8400-e29b-41d4-a716-446655440005', '650e8400-e29b-41d4-a716-446655441001'),
    ('550e8400-e29b-41d4-a716-446655440006', '650e8400-e29b-41d4-a716-446655441000'),
    ('550e8400-e29b-41d4-a716-446655440006', '650e8400-e29b-41d4-a716-446655441002'),
    ('550e8400-e29b-41d4-a716-446655440007', '650e8400-e29b-41d4-a716-446655441001'),
    ('550e8400-e29b-41d4-a716-446655440007', '650e8400-e29b-41d4-a716-446655441003'),
    ('550e8400-e29b-41d4-a716-446655440008', '650e8400-e29b-41d4-a716-446655441004'),
    ('550e8400-e29b-41d4-a716-446655440008', '650e8400-e29b-41d4-a716-446655441000'),
    ('550e8400-e29b-41d4-a716-446655440009', '650e8400-e29b-41d4-a716-446655441003'),
    ('550e8400-e29b-41d4-a716-446655440009', '650e8400-e29b-41d4-a716-446655441004');

INSERT INTO SIJARTA.SUBKATEGORI_JASA (Id, NamaSubkategori, Deskripsi, KategoriJasaId) VALUES 
    ('750e8400-e29b-41d4-a716-446655442000', 'Daily Cleaning', 'Daily home cleaning services for maintaining cleanliness.', '650e8400-e29b-41d4-a716-446655441000'),
    ('750e8400-e29b-41d4-a716-446655442001', 'Move-in/Move-out Cleaning', 'Thorough cleaning before moving in or after moving out.', '650e8400-e29b-41d4-a716-446655441000'),
    ('750e8400-e29b-41d4-a716-446655442002', 'Mattress Cleaning', 'Deep cleaning of mattresses to remove dust and allergens.', '650e8400-e29b-41d4-a716-446655441001'),
    ('750e8400-e29b-41d4-a716-446655442003', 'Kitchen Deep Cleaning', 'In-depth cleaning of kitchen areas including appliances.', '650e8400-e29b-41d4-a716-446655441001'),
    ('750e8400-e29b-41d4-a716-446655442004', 'Clothing Laundry', 'Laundry services for clothing, including washing and folding.', '650e8400-e29b-41d4-a716-446655441002'),
    ('750e8400-e29b-41d4-a716-446655442005', 'Bedding Laundry', 'Laundry services for bedding, including blankets and sheets.', '650e8400-e29b-41d4-a716-446655441002'),
    ('750e8400-e29b-41d4-a716-446655442006', 'Carpet Vacuuming', 'Vacuuming and surface cleaning of carpets.', '650e8400-e29b-41d4-a716-446655441003'),
    ('750e8400-e29b-41d4-a716-446655442007', 'Carpet Deep Cleaning', 'In-depth carpet cleaning using specialized equipment.', '650e8400-e29b-41d4-a716-446655441003'),
    ('750e8400-e29b-41d4-a716-446655442008', 'AC Maintenance', 'Cleaning and maintenance of air conditioning units.', '650e8400-e29b-41d4-a716-446655441004'),
    ('750e8400-e29b-41d4-a716-446655442009', 'AC Repair', 'Repair services for air conditioning units.', '650e8400-e29b-41d4-a716-446655441004');

INSERT INTO SIJARTA.SESI_LAYANAN (SubkategoriId, Sesi, Harga) VALUES 
    ('750e8400-e29b-41d4-a716-446655442000', 1, 150000.00),
    ('750e8400-e29b-41d4-a716-446655442000', 2, 200000.00),
    ('750e8400-e29b-41d4-a716-446655442000', 3, 250000.00),
    ('750e8400-e29b-41d4-a716-446655442001', 1, 300000.00),
    ('750e8400-e29b-41d4-a716-446655442001', 2, 350000.00),
    ('750e8400-e29b-41d4-a716-446655442001', 3, 400000.00),
    ('750e8400-e29b-41d4-a716-446655442002', 1, 180000.00),
    ('750e8400-e29b-41d4-a716-446655442002', 2, 220000.00),
    ('750e8400-e29b-41d4-a716-446655442002', 3, 270000.00),
    ('750e8400-e29b-41d4-a716-446655442003', 1, 320000.00),
    ('750e8400-e29b-41d4-a716-446655442003', 2, 370000.00),
    ('750e8400-e29b-41d4-a716-446655442003', 3, 420000.00),
    ('750e8400-e29b-41d4-a716-446655442004', 1, 120000.00),
    ('750e8400-e29b-41d4-a716-446655442004', 2, 150000.00),
    ('750e8400-e29b-41d4-a716-446655442004', 3, 180000.00),
    ('750e8400-e29b-41d4-a716-446655442005', 1, 200000.00),
    ('750e8400-e29b-41d4-a716-446655442005', 2, 230000.00),
    ('750e8400-e29b-41d4-a716-446655442005', 3, 260000.00),
    ('750e8400-e29b-41d4-a716-446655442006', 1, 100000.00),
    ('750e8400-e29b-41d4-a716-446655442006', 2, 130000.00),
    ('750e8400-e29b-41d4-a716-446655442006', 3, 160000.00),
    ('750e8400-e29b-41d4-a716-446655442007', 1, 250000.00),
    ('750e8400-e29b-41d4-a716-446655442007', 2, 300000.00),
    ('750e8400-e29b-41d4-a716-446655442007', 3, 350000.00),
    ('750e8400-e29b-41d4-a716-446655442008', 1, 280000.00),
    ('750e8400-e29b-41d4-a716-446655442008', 2, 330000.00),
    ('750e8400-e29b-41d4-a716-446655442008', 3, 380000.00),
    ('750e8400-e29b-41d4-a716-446655442009', 1, 400000.00),
    ('750e8400-e29b-41d4-a716-446655442009', 2, 450000.00),
    ('750e8400-e29b-41d4-a716-446655442009', 3, 500000.00);

INSERT INTO SIJARTA.KATEGORI_TR_MYPAY (Id, Nama) VALUES 
    ('950e8400-e29b-41d4-a716-446655444000', 'Top-up'),
    ('950e8400-e29b-41d4-a716-446655444001', 'Service Payment'),
    ('950e8400-e29b-41d4-a716-446655444002', 'Transfer'),
    ('950e8400-e29b-41d4-a716-446655444003', 'Refund'),
    ('950e8400-e29b-41d4-a716-446655444004', 'Withdraw'); 

INSERT INTO SIJARTA.TR_MYPAY (Id, UserId, Tgl, Nominal, KategoriId) VALUES 
    ('850e8400-e29b-41d4-a716-446655443000', '550e8400-e29b-41d4-a716-446655440000', '2024-01-01', 100000.00, '950e8400-e29b-41d4-a716-446655444000'),
    ('850e8400-e29b-41d4-a716-446655443001', '550e8400-e29b-41d4-a716-446655440001', '2024-01-02', 200000.00, '950e8400-e29b-41d4-a716-446655444001'),
    ('850e8400-e29b-41d4-a716-446655443002', '550e8400-e29b-41d4-a716-446655440002', '2024-01-03', 150000.00, '950e8400-e29b-41d4-a716-446655444000'),
    ('850e8400-e29b-41d4-a716-446655443003', '550e8400-e29b-41d4-a716-446655440003', '2024-01-04', 300000.00, '950e8400-e29b-41d4-a716-446655444002'),
    ('850e8400-e29b-41d4-a716-446655443004', '550e8400-e29b-41d4-a716-446655440004', '2024-01-05', 250000.00, '950e8400-e29b-41d4-a716-446655444003'),
    ('850e8400-e29b-41d4-a716-446655443005', '550e8400-e29b-41d4-a716-446655440005', '2024-01-06', 180000.00, '950e8400-e29b-41d4-a716-446655444001'),
    ('850e8400-e29b-41d4-a716-446655443006', '550e8400-e29b-41d4-a716-446655440006', '2024-01-07', 220000.00, '950e8400-e29b-41d4-a716-446655444002'),
    ('850e8400-e29b-41d4-a716-446655443007', '550e8400-e29b-41d4-a716-446655440007', '2024-01-08', 120000.00, '950e8400-e29b-41d4-a716-446655444003'),
    ('850e8400-e29b-41d4-a716-446655443008', '550e8400-e29b-41d4-a716-446655440008', '2024-01-09', 170000.00, '950e8400-e29b-41d4-a716-446655444000'),
    ('850e8400-e29b-41d4-a716-446655443009', '550e8400-e29b-41d4-a716-446655440009', '2024-01-10', 210000.00, '950e8400-e29b-41d4-a716-446655444001'),
    ('850e8400-e29b-41d4-a716-446655443010', '550e8400-e29b-41d4-a716-446655440000', '2024-01-11', 260000.00, '950e8400-e29b-41d4-a716-446655444002'),
    ('850e8400-e29b-41d4-a716-446655443011', '550e8400-e29b-41d4-a716-446655440001', '2024-01-12', 190000.00, '950e8400-e29b-41d4-a716-446655444003'),
    ('850e8400-e29b-41d4-a716-446655443012', '550e8400-e29b-41d4-a716-446655440002', '2024-01-13', 140000.00, '950e8400-e29b-41d4-a716-446655444000'),
    ('850e8400-e29b-41d4-a716-446655443013', '550e8400-e29b-41d4-a716-446655440003', '2024-01-14', 280000.00, '950e8400-e29b-41d4-a716-446655444001'),
    ('850e8400-e29b-41d4-a716-446655443014', '550e8400-e29b-41d4-a716-446655440004', '2024-01-15', 240000.00, '950e8400-e29b-41d4-a716-446655444002'),
    ('850e8400-e29b-41d4-a716-446655443015', '550e8400-e29b-41d4-a716-446655440005', '2024-01-16', 200000.00, '950e8400-e29b-41d4-a716-446655444003'),
    ('850e8400-e29b-41d4-a716-446655443016', '550e8400-e29b-41d4-a716-446655440006', '2024-01-17', 220000.00, '950e8400-e29b-41d4-a716-446655444001'),
    ('850e8400-e29b-41d4-a716-446655443017', '550e8400-e29b-41d4-a716-446655440007', '2024-01-18', 300000.00, '950e8400-e29b-41d4-a716-446655444002'),
    ('850e8400-e29b-41d4-a716-446655443018', '550e8400-e29b-41d4-a716-446655440008', '2024-01-19', 150000.00, '950e8400-e29b-41d4-a716-446655444000'),
    ('850e8400-e29b-41d4-a716-446655443019', '550e8400-e29b-41d4-a716-446655440009', '2024-01-20', 170000.00, '950e8400-e29b-41d4-a716-446655444003'),
    ('850e8400-e29b-41d4-a716-446655443020', '550e8400-e29b-41d4-a716-446655440000', '2024-01-21', 110000.00, '950e8400-e29b-41d4-a716-446655444001'),
    ('850e8400-e29b-41d4-a716-446655443021', '550e8400-e29b-41d4-a716-446655440001', '2024-01-22', 230000.00, '950e8400-e29b-41d4-a716-446655444002'),
    ('850e8400-e29b-41d4-a716-446655443022', '550e8400-e29b-41d4-a716-446655440002', '2024-01-23', 180000.00, '950e8400-e29b-41d4-a716-446655444000'),
    ('850e8400-e29b-41d4-a716-446655443023', '550e8400-e29b-41d4-a716-446655440003', '2024-01-24', 160000.00, '950e8400-e29b-41d4-a716-446655444001'),
    ('850e8400-e29b-41d4-a716-446655443024', '550e8400-e29b-41d4-a716-446655440004', '2024-01-25', 270000.00, '950e8400-e29b-41d4-a716-446655444002');

INSERT INTO SIJARTA.DISKON (Kode, Potongan, MinTrPemesanan) VALUES 
    ('DISKON202401', 50000.00, 200000),
    ('DISKON202402', 75000.00, 250000),
    ('DISKON202403', 100000.00, 300000),
    ('DISKON202404', 50000.00, 150000),
    ('DISKON202405', 80000.00, 200000),
    ('DISKON202406', 60000.00, 180000),
    ('DISKON202407', 120000.00, 350000),
    ('DISKON202408', 90000.00, 300000),
    ('DISKON202409', 70000.00, 220000),
    ('DISKON202410', 110000.00, 330000),
    ('DISKON202411', 40000.00, 120000),
    ('DISKON202412', 65000.00, 170000),
    ('DISKON202413', 85000.00, 280000),
    ('DISKON202414', 95000.00, 320000),
    ('DISKON202415', 105000.00, 340000),
    ('DISKON202416', 115000.00, 380000),
    ('DISKON202417', 125000.00, 400000),
    ('DISKON202418', 135000.00, 450000),
    ('DISKON202419', 145000.00, 470000),
    ('DISKON202420', 155000.00, 500000);

INSERT INTO SIJARTA.VOUCHER (Kode, JmlHariBerlaku, KuotaPenggunaan, Harga) VALUES 
    ('DISKON202401', 30, 100, 50000.00),
    ('DISKON202402', 60, 150, 75000.00),
    ('DISKON202403', 45, 200, 100000.00),
    ('DISKON202404', 30, 100, 50000.00),
    ('DISKON202405', 60, 120, 80000.00),
    ('DISKON202406', 30, 110, 60000.00),
    ('DISKON202407', 90, 130, 120000.00),
    ('DISKON202408', 45, 140, 90000.00),
    ('DISKON202409', 30, 90, 70000.00),
    ('DISKON202410', 60, 150, 110000.00);

INSERT INTO SIJARTA.PROMO (Kode, TglAkhirBerlaku) VALUES 
    ('DISKON202411', '2024-12-31'),
    ('DISKON202412', '2024-11-30'),
    ('DISKON202413', '2024-10-31'),
    ('DISKON202414', '2024-09-30'),
    ('DISKON202415', '2024-08-31'),
    ('DISKON202416', '2024-07-31'),
    ('DISKON202417', '2024-06-30'),
    ('DISKON202418', '2024-05-31'),
    ('DISKON202419', '2024-04-30'),
    ('DISKON202420', '2024-03-31');

INSERT INTO SIJARTA.TR_PEMBELIAN_VOUCHER (Id, TglAwal, TglAkhir, TelahDigunakan, IdPelanggan, IdVoucher, IdMetodeBayar) VALUES 
    ('950e8400-e29b-41d4-a716-446655445000', '2024-01-01', '2024-01-31', 0, '550e8400-e29b-41d4-a716-446655440000', 'DISKON202401', '550e8400-e29b-41d4-a716-446655441000'),
    ('950e8400-e29b-41d4-a716-446655445001', '2024-01-05', '2024-02-05', 1, '550e8400-e29b-41d4-a716-446655440001', 'DISKON202402', '550e8400-e29b-41d4-a716-446655441001'),
    ('950e8400-e29b-41d4-a716-446655445002', '2024-01-10', '2024-02-10', 0, '550e8400-e29b-41d4-a716-446655440002', 'DISKON202403', '550e8400-e29b-41d4-a716-446655441002'),
    ('950e8400-e29b-41d4-a716-446655445003', '2024-01-15', '2024-02-15', 1, '550e8400-e29b-41d4-a716-446655440003', 'DISKON202404', '550e8400-e29b-41d4-a716-446655441003'),
    ('950e8400-e29b-41d4-a716-446655445004', '2024-01-20', '2024-02-20', 0, '550e8400-e29b-41d4-a716-446655440004', 'DISKON202405', '550e8400-e29b-41d4-a716-446655441004'),
    ('950e8400-e29b-41d4-a716-446655445005', '2024-01-25', '2024-02-25', 0, '550e8400-e29b-41d4-a716-446655440000', 'DISKON202406', '550e8400-e29b-41d4-a716-446655441000'),
    ('950e8400-e29b-41d4-a716-446655445006', '2024-02-01', '2024-03-01', 1, '550e8400-e29b-41d4-a716-446655440001', 'DISKON202407', '550e8400-e29b-41d4-a716-446655441001'),
    ('950e8400-e29b-41d4-a716-446655445007', '2024-02-05', '2024-03-05', 0, '550e8400-e29b-41d4-a716-446655440002', 'DISKON202408', '550e8400-e29b-41d4-a716-446655441002'),
    ('950e8400-e29b-41d4-a716-446655445008', '2024-02-10', '2024-03-10', 0, '550e8400-e29b-41d4-a716-446655440003', 'DISKON202409', '550e8400-e29b-41d4-a716-446655441003'),
    ('950e8400-e29b-41d4-a716-446655445009', '2024-02-15', '2024-03-15', 1, '550e8400-e29b-41d4-a716-446655440004', 'DISKON202410', '550e8400-e29b-41d4-a716-446655441004'),
    ('950e8400-e29b-41d4-a716-446655445010', '2024-02-20', '2024-03-20', 0, '550e8400-e29b-41d4-a716-446655440000', 'DISKON202401', '550e8400-e29b-41d4-a716-446655441000'),
    ('950e8400-e29b-41d4-a716-446655445011', '2024-02-25', '2024-03-25', 1, '550e8400-e29b-41d4-a716-446655440001', 'DISKON202402', '550e8400-e29b-41d4-a716-446655441001'),
    ('950e8400-e29b-41d4-a716-446655445012', '2024-03-01', '2024-04-01', 0, '550e8400-e29b-41d4-a716-446655440002', 'DISKON202403', '550e8400-e29b-41d4-a716-446655441002'),
    ('950e8400-e29b-41d4-a716-446655445013', '2024-03-05', '2024-04-05', 1, '550e8400-e29b-41d4-a716-446655440003', 'DISKON202404', '550e8400-e29b-41d4-a716-446655441003'),
    ('950e8400-e29b-41d4-a716-446655445014', '2024-03-10', '2024-04-10', 0, '550e8400-e29b-41d4-a716-446655440004', 'DISKON202405', '550e8400-e29b-41d4-a716-446655441004'),
    ('950e8400-e29b-41d4-a716-446655445015', '2024-03-15', '2024-04-15', 0, '550e8400-e29b-41d4-a716-446655440000', 'DISKON202406', '550e8400-e29b-41d4-a716-446655441000'),
    ('950e8400-e29b-41d4-a716-446655445016', '2024-03-20', '2024-04-20', 1, '550e8400-e29b-41d4-a716-446655440001', 'DISKON202407', '550e8400-e29b-41d4-a716-446655441001'),
    ('950e8400-e29b-41d4-a716-446655445017', '2024-03-25', '2024-04-25', 0, '550e8400-e29b-41d4-a716-446655440002', 'DISKON202408', '550e8400-e29b-41d4-a716-446655441002');

INSERT INTO SIJARTA.TR_PEMESANAN_JASA (Id, TglPemesanan, TglPekerjaan, WaktuPekerjaan, TotalBiaya, IdPelanggan, IdPekerja, IdKategoriJasa, Sesi, IdDiskon, IdMetodeBayar) VALUES 
    ('100e8400-e29b-41d4-a716-446655446000', '2024-01-01', '2024-01-02', '2024-01-02 08:00:00', 300000.00, '550e8400-e29b-41d4-a716-446655440000', '550e8400-e29b-41d4-a716-446655440005', '750e8400-e29b-41d4-a716-446655442000', 1, 'DISKON202401', '550e8400-e29b-41d4-a716-446655441000'),
    ('100e8400-e29b-41d4-a716-446655446001', '2024-01-03', '2024-01-04', '2024-01-04 09:00:00', 400000.00, '550e8400-e29b-41d4-a716-446655440001', '550e8400-e29b-41d4-a716-446655440006', '750e8400-e29b-41d4-a716-446655442001', 2, 'DISKON202402', '550e8400-e29b-41d4-a716-446655441001'),
    ('100e8400-e29b-41d4-a716-446655446002', '2024-01-05', '2024-01-06', '2024-01-06 10:00:00', 500000.00, '550e8400-e29b-41d4-a716-446655440002', '550e8400-e29b-41d4-a716-446655440007', '750e8400-e29b-41d4-a716-446655442002', 3, 'DISKON202403', '550e8400-e29b-41d4-a716-446655441002'),
    ('100e8400-e29b-41d4-a716-446655446003', '2024-01-07', '2024-01-08', '2024-01-08 11:00:00', 250000.00, '550e8400-e29b-41d4-a716-446655440003', '550e8400-e29b-41d4-a716-446655440008', '750e8400-e29b-41d4-a716-446655442003', 1, 'DISKON202404', '550e8400-e29b-41d4-a716-446655441003'),
    ('100e8400-e29b-41d4-a716-446655446004', '2024-01-09', '2024-01-10', '2024-01-10 12:00:00', 350000.00, '550e8400-e29b-41d4-a716-446655440004', '550e8400-e29b-41d4-a716-446655440009', '750e8400-e29b-41d4-a716-446655442004', 2, 'DISKON202405', '550e8400-e29b-41d4-a716-446655441004'),
    ('100e8400-e29b-41d4-a716-446655446005', '2024-01-11', '2024-01-12', '2024-01-12 08:00:00', 280000.00, '550e8400-e29b-41d4-a716-446655440000', '550e8400-e29b-41d4-a716-446655440005', '750e8400-e29b-41d4-a716-446655442000', 2, 'DISKON202406', '550e8400-e29b-41d4-a716-446655441000'),
    ('100e8400-e29b-41d4-a716-446655446006', '2024-01-13', '2024-01-14', '2024-01-14 09:00:00', 450000.00, '550e8400-e29b-41d4-a716-446655440001', '550e8400-e29b-41d4-a716-446655440006', '750e8400-e29b-41d4-a716-446655442001', 3, 'DISKON202407', '550e8400-e29b-41d4-a716-446655441001'),
    ('100e8400-e29b-41d4-a716-446655446007', '2024-01-15', '2024-01-16', '2024-01-16 10:00:00', 380000.00, '550e8400-e29b-41d4-a716-446655440002', '550e8400-e29b-41d4-a716-446655440007', '750e8400-e29b-41d4-a716-446655442002', 1, 'DISKON202408', '550e8400-e29b-41d4-a716-446655441002'),
    ('100e8400-e29b-41d4-a716-446655446008', '2024-01-17', '2024-01-18', '2024-01-18 11:00:00', 320000.00, '550e8400-e29b-41d4-a716-446655440003', '550e8400-e29b-41d4-a716-446655440008', '750e8400-e29b-41d4-a716-446655442003', 2, 'DISKON202409', '550e8400-e29b-41d4-a716-446655441003'),
    ('100e8400-e29b-41d4-a716-446655446009', '2024-01-19', '2024-01-20', '2024-01-20 12:00:00', 360000.00, '550e8400-e29b-41d4-a716-446655440004', '550e8400-e29b-41d4-a716-446655440009', '750e8400-e29b-41d4-a716-446655442004', 3, 'DISKON202410', '550e8400-e29b-41d4-a716-446655441004'),
    ('100e8400-e29b-41d4-a716-446655446010', '2024-01-21', '2024-01-22', '2024-01-22 08:00:00', 340000.00, '550e8400-e29b-41d4-a716-446655440000', '550e8400-e29b-41d4-a716-446655440005', '750e8400-e29b-41d4-a716-446655442000', 1, 'DISKON202401', '550e8400-e29b-41d4-a716-446655441000'),
    ('100e8400-e29b-41d4-a716-446655446011', '2024-01-23', '2024-01-24', '2024-01-24 09:00:00', 410000.00, '550e8400-e29b-41d4-a716-446655440001', '550e8400-e29b-41d4-a716-446655440006', '750e8400-e29b-41d4-a716-446655442001', 2, 'DISKON202402', '550e8400-e29b-41d4-a716-446655441001'),
    ('100e8400-e29b-41d4-a716-446655446012', '2024-01-25', '2024-01-26', '2024-01-26 10:00:00', 370000.00, '550e8400-e29b-41d4-a716-446655440002', '550e8400-e29b-41d4-a716-446655440007', '750e8400-e29b-41d4-a716-446655442002', 3, 'DISKON202403', '550e8400-e29b-41d4-a716-446655441002'),
    ('100e8400-e29b-41d4-a716-446655446013', '2024-01-27', '2024-01-28', '2024-01-28 08:00:00', 320000.00, '550e8400-e29b-41d4-a716-446655440003', '550e8400-e29b-41d4-a716-446655440008', '750e8400-e29b-41d4-a716-446655442003', 1, 'DISKON202404', '550e8400-e29b-41d4-a716-446655441003'),
    ('100e8400-e29b-41d4-a716-446655446014', '2024-01-29', '2024-01-30', '2024-01-30 09:00:00', 410000.00, '550e8400-e29b-41d4-a716-446655440004', '550e8400-e29b-41d4-a716-446655440009', '750e8400-e29b-41d4-a716-446655442004', 2, 'DISKON202405', '550e8400-e29b-41d4-a716-446655441004'),
    ('100e8400-e29b-41d4-a716-446655446015', '2024-01-31', '2024-02-01', '2024-02-01 10:00:00', 350000.00, '550e8400-e29b-41d4-a716-446655440000', '550e8400-e29b-41d4-a716-446655440005', '750e8400-e29b-41d4-a716-446655442000', 3, 'DISKON202406', '550e8400-e29b-41d4-a716-446655441000'),
    ('100e8400-e29b-41d4-a716-446655446016', '2024-02-02', '2024-02-03', '2024-02-03 11:00:00', 390000.00, '550e8400-e29b-41d4-a716-446655440001', '550e8400-e29b-41d4-a716-446655440006', '750e8400-e29b-41d4-a716-446655442001', 2, 'DISKON202407', '550e8400-e29b-41d4-a716-446655441001'),
    ('100e8400-e29b-41d4-a716-446655446017', '2024-02-04', '2024-02-05', '2024-02-05 12:00:00', 400000.00, '550e8400-e29b-41d4-a716-446655440002', '550e8400-e29b-41d4-a716-446655440007', '750e8400-e29b-41d4-a716-446655442002', 1, 'DISKON202408', '550e8400-e29b-41d4-a716-446655441002'),
    ('100e8400-e29b-41d4-a716-446655446018', '2024-02-06', '2024-02-07', '2024-02-07 08:00:00', 290000.00, '550e8400-e29b-41d4-a716-446655440003', '550e8400-e29b-41d4-a716-446655440008', '750e8400-e29b-41d4-a716-446655442003', 2, 'DISKON202409', '550e8400-e29b-41d4-a716-446655441003'),
    ('100e8400-e29b-41d4-a716-446655446019', '2024-02-08', '2024-02-09', '2024-02-09 09:00:00', 410000.00, '550e8400-e29b-41d4-a716-446655440004', '550e8400-e29b-41d4-a716-446655440009', '750e8400-e29b-41d4-a716-446655442004', 3, 'DISKON202410', '550e8400-e29b-41d4-a716-446655441004'),
    ('100e8400-e29b-41d4-a716-446655446020', '2024-02-10', '2024-02-11', '2024-02-11 10:00:00', 350000.00, '550e8400-e29b-41d4-a716-446655440000', '550e8400-e29b-41d4-a716-446655440005', '750e8400-e29b-41d4-a716-446655442000', 2, 'DISKON202406', '550e8400-e29b-41d4-a716-446655441000'),
    ('100e8400-e29b-41d4-a716-446655446021', '2024-02-12', '2024-02-13', '2024-02-13 11:00:00', 390000.00, '550e8400-e29b-41d4-a716-446655440001', '550e8400-e29b-41d4-a716-446655440006', '750e8400-e29b-41d4-a716-446655442001', 3, 'DISKON202407', '550e8400-e29b-41d4-a716-446655441001'),
    ('100e8400-e29b-41d4-a716-446655446022', '2024-02-14', '2024-02-15', '2024-02-15 12:00:00', 400000.00, '550e8400-e29b-41d4-a716-446655440002', '550e8400-e29b-41d4-a716-446655440007', '750e8400-e29b-41d4-a716-446655442002', 1, 'DISKON202408', '550e8400-e29b-41d4-a716-446655441002'),
    ('100e8400-e29b-41d4-a716-446655446023', '2024-02-16', '2024-02-17', '2024-02-17 08:00:00', 290000.00, '550e8400-e29b-41d4-a716-446655440003', '550e8400-e29b-41d4-a716-446655440008', '750e8400-e29b-41d4-a716-446655442003', 2, 'DISKON202409', '550e8400-e29b-41d4-a716-446655441003'),
    ('100e8400-e29b-41d4-a716-446655446024', '2024-02-18', '2024-02-19', '2024-02-19 09:00:00', 410000.00, '550e8400-e29b-41d4-a716-446655440004', '550e8400-e29b-41d4-a716-446655440009', '750e8400-e29b-41d4-a716-446655442004', 3, 'DISKON202410', '550e8400-e29b-41d4-a716-446655441004');

INSERT INTO SIJARTA.STATUS_PESANAN (Id, Status) VALUES 
    ('850e8400-e29b-41d4-a716-446655447000', 'Menunggu Pembayaran'),
    ('850e8400-e29b-41d4-a716-446655447001', 'Pembayaran Diterima'),
    ('850e8400-e29b-41d4-a716-446655447002', 'Mencari Pekerja Terdekat'),
    ('850e8400-e29b-41d4-a716-446655447003', 'Pekerja Ditemukan'),
    ('850e8400-e29b-41d4-a716-446655447004', 'Dalam Proses Pekerjaan'),
    ('850e8400-e29b-41d4-a716-446655447005', 'Pekerjaan Selesai'),
    ('850e8400-e29b-41d4-a716-446655447006', 'Pemesanan Dibatalkan');

INSERT INTO SIJARTA.TR_PEMESANAN_STATUS (IdTrPemesanan, IdStatus, TglWaktu) VALUES 
    ('100e8400-e29b-41d4-a716-446655446000', '850e8400-e29b-41d4-a716-446655447000', '2024-01-01'),
    ('100e8400-e29b-41d4-a716-446655446000', '850e8400-e29b-41d4-a716-446655447001', '2024-01-01'),
    ('100e8400-e29b-41d4-a716-446655446000', '850e8400-e29b-41d4-a716-446655447002', '2024-01-01'),
    ('100e8400-e29b-41d4-a716-446655446001', '850e8400-e29b-41d4-a716-446655447000', '2024-01-03'),
    ('100e8400-e29b-41d4-a716-446655446001', '850e8400-e29b-41d4-a716-446655447001', '2024-01-03'),
    ('100e8400-e29b-41d4-a716-446655446001', '850e8400-e29b-41d4-a716-446655447003', '2024-01-03'),
    ('100e8400-e29b-41d4-a716-446655446002', '850e8400-e29b-41d4-a716-446655447000', '2024-01-05'),
    ('100e8400-e29b-41d4-a716-446655446002', '850e8400-e29b-41d4-a716-446655447001', '2024-01-05'),
    ('100e8400-e29b-41d4-a716-446655446002', '850e8400-e29b-41d4-a716-446655447004', '2024-01-06'),
    ('100e8400-e29b-41d4-a716-446655446003', '850e8400-e29b-41d4-a716-446655447000', '2024-01-07'),
    ('100e8400-e29b-41d4-a716-446655446003', '850e8400-e29b-41d4-a716-446655447001', '2024-01-07'),
    ('100e8400-e29b-41d4-a716-446655446003', '850e8400-e29b-41d4-a716-446655447003', '2024-01-07'),
    ('100e8400-e29b-41d4-a716-446655446004', '850e8400-e29b-41d4-a716-446655447000', '2024-01-09'),
    ('100e8400-e29b-41d4-a716-446655446004', '850e8400-e29b-41d4-a716-446655447001', '2024-01-09'),
    ('100e8400-e29b-41d4-a716-446655446004', '850e8400-e29b-41d4-a716-446655447002', '2024-01-10'),
    ('100e8400-e29b-41d4-a716-446655446005', '850e8400-e29b-41d4-a716-446655447000', '2024-01-11'),
    ('100e8400-e29b-41d4-a716-446655446005', '850e8400-e29b-41d4-a716-446655447001', '2024-01-11'),
    ('100e8400-e29b-41d4-a716-446655446005', '850e8400-e29b-41d4-a716-446655447004', '2024-01-12'),
    ('100e8400-e29b-41d4-a716-446655446006', '850e8400-e29b-41d4-a716-446655447000', '2024-01-13'),
    ('100e8400-e29b-41d4-a716-446655446006', '850e8400-e29b-41d4-a716-446655447001', '2024-01-13'),
    ('100e8400-e29b-41d4-a716-446655446006', '850e8400-e29b-41d4-a716-446655447005', '2024-01-14'),
    ('100e8400-e29b-41d4-a716-446655446007', '850e8400-e29b-41d4-a716-446655447000', '2024-01-15'),
    ('100e8400-e29b-41d4-a716-446655446007', '850e8400-e29b-41d4-a716-446655447001', '2024-01-15'),
    ('100e8400-e29b-41d4-a716-446655446007', '850e8400-e29b-41d4-a716-446655447006', '2024-01-16'),
    ('100e8400-e29b-41d4-a716-446655446008', '850e8400-e29b-41d4-a716-446655447000', '2024-01-17'),
    ('100e8400-e29b-41d4-a716-446655446008', '850e8400-e29b-41d4-a716-446655447001', '2024-01-17'),
    ('100e8400-e29b-41d4-a716-446655446008', '850e8400-e29b-41d4-a716-446655447003', '2024-01-17'),
    ('100e8400-e29b-41d4-a716-446655446009', '850e8400-e29b-41d4-a716-446655447000', '2024-01-19'),
    ('100e8400-e29b-41d4-a716-446655446009', '850e8400-e29b-41d4-a716-446655447001', '2024-01-19'),
    ('100e8400-e29b-41d4-a716-446655446009', '850e8400-e29b-41d4-a716-446655447002', '2024-01-20'),
    ('100e8400-e29b-41d4-a716-446655446010', '850e8400-e29b-41d4-a716-446655447000', '2024-01-21'),
    ('100e8400-e29b-41d4-a716-446655446010', '850e8400-e29b-41d4-a716-446655447001', '2024-01-21'),
    ('100e8400-e29b-41d4-a716-446655446010', '850e8400-e29b-41d4-a716-446655447003', '2024-01-22'),
    ('100e8400-e29b-41d4-a716-446655446011', '850e8400-e29b-41d4-a716-446655447000', '2024-01-23'),
    ('100e8400-e29b-41d4-a716-446655446011', '850e8400-e29b-41d4-a716-446655447001', '2024-01-23');

INSERT INTO SIJARTA.TESTIMONI (IdTrPemesanan, Tgl, Teks, Rating) VALUES 
    ('100e8400-e29b-41d4-a716-446655446000', '2024-01-10', 'Great service, highly recommended!', 5),
    ('100e8400-e29b-41d4-a716-446655446001', '2024-01-12', 'Good service but arrived a bit late.', 4),
    ('100e8400-e29b-41d4-a716-446655446002', '2024-01-15', 'Excellent work, very professional.', 5),
    ('100e8400-e29b-41d4-a716-446655446003', '2024-01-18', 'Service was okay, could be better.', 3),
    ('100e8400-e29b-41d4-a716-446655446004', '2024-01-20', 'Very friendly worker and great job.', 5),
    ('100e8400-e29b-41d4-a716-446655446005', '2024-01-22', 'Punctual and reliable service.', 4),
    ('100e8400-e29b-41d4-a716-446655446006', '2024-01-24', 'Service was satisfactory.', 3),
    ('100e8400-e29b-41d4-a716-446655446007', '2024-01-26', 'Good value for the price.', 4),
    ('100e8400-e29b-41d4-a716-446655446008', '2024-01-28', 'Exceptional service, will book again!', 5),
    ('100e8400-e29b-41d4-a716-446655446009', '2024-01-30', 'Service was decent, room for improvement.', 3),
    ('100e8400-e29b-41d4-a716-446655446010', '2024-02-01', 'Amazing work, highly recommend!', 5),
    ('100e8400-e29b-41d4-a716-446655446011', '2024-02-03', 'Satisfied with the service provided.', 4),
    ('100e8400-e29b-41d4-a716-446655446012', '2024-02-05', 'Service was average, expected more.', 3),
    ('100e8400-e29b-41d4-a716-446655446013', '2024-02-07', 'Good job, but a bit expensive.', 4),
    ('100e8400-e29b-41d4-a716-446655446014', '2024-02-09', 'Great experience, will use again.', 5),
    ('100e8400-e29b-41d4-a716-446655446015', '2024-02-11', 'Not bad, but could improve timing.', 3),
    ('100e8400-e29b-41d4-a716-446655446016', '2024-02-13', 'Best service I have ever used!', 5);